{
  "cookies": [
    {
      "name": "JSESSIONID",
      "value": "BD54AAA68669FC53149E61157A34A02C.jvm1",
      "domain": "leaftaps.com",
      "path": "/opentaps",
      "expires": -1,
      "httpOnly": false,
      "secure": false,
      "sameSite": "Lax"
    },
    {
      "name": "OFBiz.Visitor",
      "value": "225034",
      "domain": "leaftaps.com",
      "path": "/",
      "expires": 1754200356.807313,
      "httpOnly": false,
      "secure": false,
      "sameSite": "Lax"
    },
    {
      "name": "_ga_BFM17W6LPR",
      "value": "GS1.1.1722664357.1.0.1722664357.0.0.0",
      "domain": ".leaftaps.com",
      "path": "/",
      "expires": 1757224357.443418,
      "httpOnly": false,
      "secure": false,
      "sameSite": "Lax"
    },
    {
      "name": "_ga_XC5DRQT2CH",
      "value": "GS1.1.1722664357.1.0.1722664357.0.0.0",
      "domain": ".leaftaps.com",
      "path": "/",
      "expires": 1757224357.542401,
      "httpOnly": false,
      "secure": false,
      "sameSite": "Lax"
    },
    {
      "name": "CLID",
      "value": "f2d9c0f7b4f648bdadcec3bb51f874bd.20240803.20250803",
      "domain": "www.clarity.ms",
      "path": "/",
      "expires": 1754200357.676871,
      "httpOnly": true,
      "secure": true,
      "sameSite": "None"
    },
    {
      "name": "_ga",
      "value": "GA1.2.4130841.1722664357",
      "domain": ".leaftaps.com",
      "path": "/",
      "expires": 1757224357.793551,
      "httpOnly": false,
      "secure": false,
      "sameSite": "Lax"
    },
    {
      "name": "_gid",
      "value": "GA1.2.486233273.1722664358",
      "domain": ".leaftaps.com",
      "path": "/",
      "expires": 1722750757,
      "httpOnly": false,
      "secure": false,
      "sameSite": "Lax"
    },
    {
      "name": "_gat_gtag_UA_241053063_1",
      "value": "1",
      "domain": ".leaftaps.com",
      "path": "/",
      "expires": 1722664417,
      "httpOnly": false,
      "secure": false,
      "sameSite": "Lax"
    },
    {
      "name": "_clck",
      "value": "q4b2qc%7C2%7Cfo0%7C0%7C1676",
      "domain": ".leaftaps.com",
      "path": "/",
      "expires": 1754200357,
      "httpOnly": false,
      "secure": false,
      "sameSite": "Lax"
    },
    {
      "name": "SM",
      "value": "T",
      "domain": ".c.clarity.ms",
      "path": "/",
      "expires": -1,
      "httpOnly": false,
      "secure": true,
      "sameSite": "None"
    },
    {
      "name": "MUID",
      "value": "025805BEA96D6B4D3249116EAD6D656F",
      "domain": ".clarity.ms",
      "path": "/",
      "expires": 1756360359.288316,
      "httpOnly": false,
      "secure": true,
      "sameSite": "None"
    }
  ],
  "origins": []
}